0375BC06-8931-45CB-B1F3-1811EE9AD503#appfire#RegionService#appfire#com.app.app.server.service.RegionService#appfire#{"resourceMapping":"/Region","defaultMethodType":"","defaultContentType":""}#appfire#{"repository":{"fileName":"RegionService.java","filePath":"healthsurvey/src/main/java/com/app/app/server/service/RegionService.java"},"implementInterface":[],"extendsClass":[],"repositories":[{"repository":{"fileName":"RegionRepositoryImpl.java","filePath":"healthsurvey/src/main/java/com/app/app/server/repository/RegionRepositoryImpl.java"},"implementInterface":[{"fileName":"RegionRepository.java","filePath":"healthsurvey/src/main/java/com/app/app/server/repository/RegionRepository.java"}],"extendsClass":[{"fileName":"SearchInterfaceImpl.java","filePath":"healthsurvey/src/main/java/com/app/app/server/repository/SearchInterfaceImpl.java","isDisplay":false}],"entities":{"fileName":"Region.java","filePath":"healthsurvey/src/main/java/com/app/app/shared/location/Region.java"}}]}#appfire#I#appfire#LIFAHFMVSXANRRKY9FY9Q#appfire#ba9dced8-453e-49a3-b627-d497a1f91b17#appfire#1#appfire#\N#appfire#2015-11-05 20:25:45#appfire#\N#appfire#2015-11-05 20:25:45#appfire#1#appfire#1#appfire#72D6D311-58BE-4726-9628-6FA3B6E9C1A3
0E5D3AB6-B67F-4300-9C41-2077DDACEF45#appfire#AppCustomerService#appfire#com.app.app.server.service.AppCustomerService#appfire#{"resourceMapping":"/AppCustomer","defaultMethodType":"","defaultContentType":""}#appfire#{"repository":{"fileName":"AppCustomerService.java","filePath":"healthsurvey/src/main/java/com/app/app/server/service/AppCustomerService.java"},"implementInterface":[],"extendsClass":[],"repositories":[{"repository":{"fileName":"AppCustomerRepositoryImpl.java","filePath":"healthsurvey/src/main/java/com/app/app/server/repository/AppCustomerRepositoryImpl.java"},"implementInterface":[{"fileName":"AppCustomerRepository.java","filePath":"healthsurvey/src/main/java/com/app/app/server/repository/AppCustomerRepository.java"}],"extendsClass":[{"fileName":"SearchInterfaceImpl.java","filePath":"healthsurvey/src/main/java/com/app/app/server/repository/SearchInterfaceImpl.java","isDisplay":false}],"entities":{"fileName":"AppCustomer.java","filePath":"healthsurvey/src/main/java/com/app/app/shared/customers/AppCustomer.java"}}]}#appfire#I#appfire#LIFAHFMVSXANRRKY9FY9Q#appfire#ba9dced8-453e-49a3-b627-d497a1f91b17#appfire#1#appfire#\N#appfire#2015-11-05 20:26:04#appfire#\N#appfire#2015-11-05 20:26:04#appfire#1#appfire#1#appfire#472A7C3C-78F2-4C39-8125-5673B1E8A92F
1C5B0FA6-EDC8-463F-A730-AC5D2DDCD5D2#appfire#SurveyQuestionGroupService#appfire#com.app.app.server.service.SurveyQuestionGroupService#appfire#{"resourceMapping":"/SurveyQuestionGroup","defaultMethodType":"","defaultContentType":""}#appfire#{"repository":{"fileName":"SurveyQuestionGroupService.java","filePath":"healthsurvey/src/main/java/com/app/app/server/service/SurveyQuestionGroupService.java"},"implementInterface":[],"extendsClass":[],"repositories":[{"repository":{"fileName":"SurveyQuestionGroupRepositoryImpl.java","filePath":"healthsurvey/src/main/java/com/app/app/server/repository/SurveyQuestionGroupRepositoryImpl.java"},"implementInterface":[{"fileName":"SurveyQuestionGroupRepository.java","filePath":"healthsurvey/src/main/java/com/app/app/server/repository/SurveyQuestionGroupRepository.java"}],"extendsClass":[{"fileName":"SearchInterfaceImpl.java","filePath":"healthsurvey/src/main/java/com/app/app/server/repository/SearchInterfaceImpl.java","isDisplay":false}],"entities":{"fileName":"SurveyQuestionGroup.java","filePath":"healthsurvey/src/main/java/com/app/app/shared/health/SurveyQuestionGroup.java"}}]}#appfire#I#appfire#LIFAHFMVSXANRRKY9FY9Q#appfire#ba9dced8-453e-49a3-b627-d497a1f91b17#appfire#1#appfire#\N#appfire#2015-11-05 20:39:39#appfire#\N#appfire#2015-11-05 20:39:39#appfire#1#appfire#1#appfire#2B686456-6175-4D2B-9C9A-2AA723913C61
1F66C8B7-1A65-46B2-986A-80C728373DFA#appfire#SurveyAnswerService#appfire#com.app.app.server.service.SurveyAnswerService#appfire#{"resourceMapping":"/SurveyAnswer","defaultMethodType":"","defaultContentType":""}#appfire#{"repository":{"fileName":"SurveyAnswerService.java","filePath":"healthsurvey/src/main/java/com/app/app/server/service/SurveyAnswerService.java"},"implementInterface":[],"extendsClass":[],"repositories":[{"repository":{"fileName":"SurveyAnswerRepositoryImpl.java","filePath":"healthsurvey/src/main/java/com/app/app/server/repository/SurveyAnswerRepositoryImpl.java"},"implementInterface":[{"fileName":"SurveyAnswerRepository.java","filePath":"healthsurvey/src/main/java/com/app/app/server/repository/SurveyAnswerRepository.java"}],"extendsClass":[{"fileName":"SearchInterfaceImpl.java","filePath":"healthsurvey/src/main/java/com/app/app/server/repository/SearchInterfaceImpl.java","isDisplay":false}],"entities":{"fileName":"SurveyAnswer.java","filePath":"healthsurvey/src/main/java/com/app/app/shared/health/SurveyAnswer.java"}}]}#appfire#I#appfire#LIFAHFMVSXANRRKY9FY9Q#appfire#ba9dced8-453e-49a3-b627-d497a1f91b17#appfire#1#appfire#\N#appfire#2015-11-05 20:39:40#appfire#\N#appfire#2015-11-05 20:39:40#appfire#1#appfire#1#appfire#5792F1EA-C8A5-4BF3-9443-5E0A3950380D
1F793189-4362-44C7-BCEF-01F3CA63DC9E#appfire#AppMenusService#appfire#com.app.app.server.service.AppMenusService#appfire#{"resourceMapping":"/AppMenus","defaultMethodType":"","defaultContentType":""}#appfire#{"repository":{"fileName":"AppMenusService.java","filePath":"healthsurvey/src/main/java/com/app/app/server/service/AppMenusService.java"},"implementInterface":[],"extendsClass":[],"repositories":[{"repository":{"fileName":"AppMenusRepositoryImpl.java","filePath":"healthsurvey/src/main/java/com/app/app/server/repository/AppMenusRepositoryImpl.java"},"implementInterface":[{"fileName":"AppMenusRepository.java","filePath":"healthsurvey/src/main/java/com/app/app/server/repository/AppMenusRepository.java"}],"extendsClass":[{"fileName":"SearchInterfaceImpl.java","filePath":"healthsurvey/src/main/java/com/app/app/server/repository/SearchInterfaceImpl.java","isDisplay":false}],"entities":{"fileName":"AppMenus.java","filePath":"healthsurvey/src/main/java/com/app/app/shared/authorization/AppMenus.java"}}]}#appfire#I#appfire#LIFAHFMVSXANRRKY9FY9Q#appfire#ba9dced8-453e-49a3-b627-d497a1f91b17#appfire#1#appfire#\N#appfire#2015-11-05 20:26:02#appfire#\N#appfire#2015-11-05 20:26:02#appfire#1#appfire#1#appfire#44C36A8C-484E-4A1A-80E0-CC5478DA2D68
206DFA46-6D24-48EE-AD7A-157105D6ADE5#appfire#VillageService#appfire#com.app.app.server.service.VillageService#appfire#{"resourceMapping":"/Village","defaultMethodType":"","defaultContentType":""}#appfire#{"repository":{"fileName":"VillageService.java","filePath":"healthsurvey/src/main/java/com/app/app/server/service/VillageService.java"},"implementInterface":[],"extendsClass":[],"repositories":[{"repository":{"fileName":"VillageRepositoryImpl.java","filePath":"healthsurvey/src/main/java/com/app/app/server/repository/VillageRepositoryImpl.java"},"implementInterface":[{"fileName":"VillageRepository.java","filePath":"healthsurvey/src/main/java/com/app/app/server/repository/VillageRepository.java"}],"extendsClass":[{"fileName":"SearchInterfaceImpl.java","filePath":"healthsurvey/src/main/java/com/app/app/server/repository/SearchInterfaceImpl.java","isDisplay":false}],"entities":{"fileName":"Village.java","filePath":"healthsurvey/src/main/java/com/app/app/shared/location/Village.java"}}]}#appfire#I#appfire#LIFAHFMVSXANRRKY9FY9Q#appfire#ba9dced8-453e-49a3-b627-d497a1f91b17#appfire#1#appfire#\N#appfire#2015-11-05 20:25:49#appfire#\N#appfire#2015-11-05 20:25:49#appfire#1#appfire#1#appfire#EC284DF6-407E-4003-88A3-4043F4EC4E20
208259B8-CD24-4E52-A013-FCCC3FB74571#appfire#RolesService#appfire#com.app.app.server.service.RolesService#appfire#{"resourceMapping":"/Roles","defaultMethodType":"","defaultContentType":""}#appfire#{"repository":{"fileName":"RolesService.java","filePath":"healthsurvey/src/main/java/com/app/app/server/service/RolesService.java"},"implementInterface":[],"extendsClass":[],"repositories":[{"repository":{"fileName":"RolesRepositoryImpl.java","filePath":"healthsurvey/src/main/java/com/app/app/server/repository/RolesRepositoryImpl.java"},"implementInterface":[{"fileName":"RolesRepository.java","filePath":"healthsurvey/src/main/java/com/app/app/server/repository/RolesRepository.java"}],"extendsClass":[{"fileName":"SearchInterfaceImpl.java","filePath":"healthsurvey/src/main/java/com/app/app/server/repository/SearchInterfaceImpl.java","isDisplay":false}],"entities":{"fileName":"Roles.java","filePath":"healthsurvey/src/main/java/com/app/app/shared/authorization/Roles.java"}}]}#appfire#I#appfire#LIFAHFMVSXANRRKY9FY9Q#appfire#ba9dced8-453e-49a3-b627-d497a1f91b17#appfire#1#appfire#\N#appfire#2015-11-05 20:26:02#appfire#\N#appfire#2015-11-05 20:26:02#appfire#1#appfire#1#appfire#2CD944AA-BF1C-4E4D-AB2F-C90D087CE7B7
2630D4D8-7890-4C61-A209-294D6255E6F3#appfire#LifeStyleQuestions#appfire#survey.health.service.LifeStyleQuestionsWS#appfire#{"resourceMapping":"/LifeStyleQuestionsWS","defaultMethodType":"","defaultContentType":""}#appfire#{"repository":{"fileName":"survey.health.service.LifeStyleQuestionsWS","filePath":"healthsurvey/src/main/java/com/app/app/server/service/survey.health.service.LifeStyleQuestionsWS"},"implementInterface":[],"extendsClass":[],"repositories":[{"repository":{},"implementInterface":[],"extendsClass":[],"entities":{}}]}#appfire#I#appfire#LIFAHFMVSXANRRKY9FY9Q#appfire#ba9dced8-453e-49a3-b627-d497a1f91b17#appfire#1#appfire#\N#appfire#2015-11-05 22:24:13#appfire#\N#appfire#2015-11-05 22:24:13#appfire#1#appfire#1#appfire#\N
31A34F5B-0169-4272-B21E-1E72B7F90711#appfire#SurveyScoreService#appfire#com.app.app.server.service.SurveyScoreService#appfire#{"resourceMapping":"/SurveyScore","defaultMethodType":"","defaultContentType":""}#appfire#{"repository":{"fileName":"SurveyScoreService.java","filePath":"healthsurvey/src/main/java/com/app/app/server/service/SurveyScoreService.java"},"implementInterface":[],"extendsClass":[],"repositories":[{"repository":{"fileName":"SurveyScoreRepositoryImpl.java","filePath":"healthsurvey/src/main/java/com/app/app/server/repository/SurveyScoreRepositoryImpl.java"},"implementInterface":[{"fileName":"SurveyScoreRepository.java","filePath":"healthsurvey/src/main/java/com/app/app/server/repository/SurveyScoreRepository.java"}],"extendsClass":[{"fileName":"SearchInterfaceImpl.java","filePath":"healthsurvey/src/main/java/com/app/app/server/repository/SearchInterfaceImpl.java","isDisplay":false}],"entities":{"fileName":"SurveyScore.java","filePath":"healthsurvey/src/main/java/com/app/app/shared/health/SurveyScore.java"}}]}#appfire#I#appfire#LIFAHFMVSXANRRKY9FY9Q#appfire#ba9dced8-453e-49a3-b627-d497a1f91b17#appfire#1#appfire#\N#appfire#2015-11-06 12:07:48#appfire#\N#appfire#2015-11-06 12:07:48#appfire#1#appfire#1#appfire#25FFBDD5-7D58-4526-94E6-BC18E7CCF2D0
354B05F6-855B-43BA-BC56-CE2D8021018A#appfire#CHDService#appfire#survey.health.service.CHDServiceWS#appfire#{"resourceMapping":"/CHDServiceWS","defaultMethodType":"","defaultContentType":""}#appfire#{"repository":{"fileName":"survey.health.service.CHDServiceWS","filePath":"healthsurvey/src/main/java/com/app/app/server/service/survey.health.service.CHDServiceWS"},"implementInterface":[],"extendsClass":[],"repositories":[{"repository":{},"implementInterface":[],"extendsClass":[],"entities":{}}]}#appfire#I#appfire#LIFAHFMVSXANRRKY9FY9Q#appfire#ba9dced8-453e-49a3-b627-d497a1f91b17#appfire#1#appfire#\N#appfire#2015-11-05 21:18:14#appfire#\N#appfire#2015-11-05 21:18:14#appfire#1#appfire#1#appfire#\N
3A7947EE-604D-4A42-9BBC-5B3CC1CA25EA#appfire#CurrencyService#appfire#com.app.app.server.service.CurrencyService#appfire#{"resourceMapping":"/Currency","defaultMethodType":"","defaultContentType":""}#appfire#{"repository":{"fileName":"CurrencyService.java","filePath":"healthsurvey/src/main/java/com/app/app/server/service/CurrencyService.java"},"implementInterface":[],"extendsClass":[],"repositories":[{"repository":{"fileName":"CurrencyRepositoryImpl.java","filePath":"healthsurvey/src/main/java/com/app/app/server/repository/CurrencyRepositoryImpl.java"},"implementInterface":[{"fileName":"CurrencyRepository.java","filePath":"healthsurvey/src/main/java/com/app/app/server/repository/CurrencyRepository.java"}],"extendsClass":[{"fileName":"SearchInterfaceImpl.java","filePath":"healthsurvey/src/main/java/com/app/app/server/repository/SearchInterfaceImpl.java","isDisplay":false}],"entities":{"fileName":"Currency.java","filePath":"healthsurvey/src/main/java/com/app/app/shared/location/Currency.java"}}]}#appfire#I#appfire#LIFAHFMVSXANRRKY9FY9Q#appfire#ba9dced8-453e-49a3-b627-d497a1f91b17#appfire#1#appfire#\N#appfire#2015-11-05 20:25:44#appfire#\N#appfire#2015-11-05 20:25:44#appfire#1#appfire#1#appfire#17FB1D97-4B24-45A1-9E98-207C3BF430E4
3C9BF220-C62F-4457-A174-F048BEA55CEF#appfire#AddressService#appfire#com.app.app.server.service.AddressService#appfire#{"resourceMapping":"/Address","defaultMethodType":"","defaultContentType":""}#appfire#{"repository":{"fileName":"AddressService.java","filePath":"healthsurvey/src/main/java/com/app/app/server/service/AddressService.java"},"implementInterface":[],"extendsClass":[],"repositories":[{"repository":{"fileName":"AddressRepositoryImpl.java","filePath":"healthsurvey/src/main/java/com/app/app/server/repository/AddressRepositoryImpl.java"},"implementInterface":[{"fileName":"AddressRepository.java","filePath":"healthsurvey/src/main/java/com/app/app/server/repository/AddressRepository.java"}],"extendsClass":[{"fileName":"SearchInterfaceImpl.java","filePath":"healthsurvey/src/main/java/com/app/app/server/repository/SearchInterfaceImpl.java","isDisplay":false}],"entities":{"fileName":"Address.java","filePath":"healthsurvey/src/main/java/com/app/app/shared/location/Address.java"}}]}#appfire#I#appfire#LIFAHFMVSXANRRKY9FY9Q#appfire#ba9dced8-453e-49a3-b627-d497a1f91b17#appfire#1#appfire#\N#appfire#2015-11-05 20:25:50#appfire#\N#appfire#2015-11-05 20:25:50#appfire#1#appfire#1#appfire#02188DBF-F225-4A3B-A97D-0ECACC8FAE33
3ED620D9-E0F2-4D6B-A326-CB6255BC4D03#appfire#LoginService#appfire#com.app.app.server.service.LoginService#appfire#{"resourceMapping":"/Login","defaultMethodType":"","defaultContentType":""}#appfire#{"repository":{"fileName":"LoginService.java","filePath":"healthsurvey/src/main/java/com/app/app/server/service/LoginService.java"},"implementInterface":[],"extendsClass":[],"repositories":[{"repository":{"fileName":"LoginRepositoryImpl.java","filePath":"healthsurvey/src/main/java/com/app/app/server/repository/LoginRepositoryImpl.java"},"implementInterface":[{"fileName":"LoginRepository.java","filePath":"healthsurvey/src/main/java/com/app/app/server/repository/LoginRepository.java"}],"extendsClass":[{"fileName":"SearchInterfaceImpl.java","filePath":"healthsurvey/src/main/java/com/app/app/server/repository/SearchInterfaceImpl.java","isDisplay":false}],"entities":{"fileName":"Login.java","filePath":"healthsurvey/src/main/java/com/app/app/shared/authentication/Login.java"}}]}#appfire#I#appfire#LIFAHFMVSXANRRKY9FY9Q#appfire#ba9dced8-453e-49a3-b627-d497a1f91b17#appfire#1#appfire#\N#appfire#2015-11-05 20:25:58#appfire#\N#appfire#2015-11-05 20:25:58#appfire#1#appfire#1#appfire#3C1FF7DA-5F79-4F64-A22D-22D2CEB9EB47
4640629D-ABBF-47C5-94D1-771885322301#appfire#GeneralQuestions#appfire#survey.health.service.GeneralQuestionsWS#appfire#{"resourceMapping":"/GeneralQuestionsWS","defaultMethodType":"","defaultContentType":""}#appfire#{"repository":{"fileName":"survey.health.service.GeneralQuestionsWS","filePath":"healthsurvey/src/main/java/com/app/app/server/service/survey.health.service.GeneralQuestionsWS"},"implementInterface":[],"extendsClass":[],"repositories":[{"repository":{},"implementInterface":[],"extendsClass":[],"entities":{}}]}#appfire#I#appfire#LIFAHFMVSXANRRKY9FY9Q#appfire#ba9dced8-453e-49a3-b627-d497a1f91b17#appfire#1#appfire#\N#appfire#2015-11-05 22:25:56#appfire#\N#appfire#2015-11-05 22:25:56#appfire#1#appfire#1#appfire#\N
4F4678C7-F009-4DCA-9693-E512BAEEC62D#appfire#StateService#appfire#com.app.app.server.service.StateService#appfire#{"resourceMapping":"/State","defaultMethodType":"","defaultContentType":""}#appfire#{"repository":{"fileName":"StateService.java","filePath":"healthsurvey/src/main/java/com/app/app/server/service/StateService.java"},"implementInterface":[],"extendsClass":[],"repositories":[{"repository":{"fileName":"StateRepositoryImpl.java","filePath":"healthsurvey/src/main/java/com/app/app/server/repository/StateRepositoryImpl.java"},"implementInterface":[{"fileName":"StateRepository.java","filePath":"healthsurvey/src/main/java/com/app/app/server/repository/StateRepository.java"}],"extendsClass":[{"fileName":"SearchInterfaceImpl.java","filePath":"healthsurvey/src/main/java/com/app/app/server/repository/SearchInterfaceImpl.java","isDisplay":false}],"entities":{"fileName":"State.java","filePath":"healthsurvey/src/main/java/com/app/app/shared/location/State.java"}}]}#appfire#I#appfire#LIFAHFMVSXANRRKY9FY9Q#appfire#ba9dced8-453e-49a3-b627-d497a1f91b17#appfire#1#appfire#\N#appfire#2015-11-05 20:25:45#appfire#\N#appfire#2015-11-05 20:25:45#appfire#1#appfire#1#appfire#8A5E321A-EDF2-4B02-A57F-B9264601401D
5A2A5206-B1E7-4F9C-B59C-DAF739F47E2E#appfire#PasswordAlgoService#appfire#com.app.app.server.service.PasswordAlgoService#appfire#{"resourceMapping":"/PasswordAlgo","defaultMethodType":"","defaultContentType":""}#appfire#{"repository":{"fileName":"PasswordAlgoService.java","filePath":"healthsurvey/src/main/java/com/app/app/server/service/PasswordAlgoService.java"},"implementInterface":[],"extendsClass":[],"repositories":[{"repository":{"fileName":"PasswordAlgoRepositoryImpl.java","filePath":"healthsurvey/src/main/java/com/app/app/server/repository/PasswordAlgoRepositoryImpl.java"},"implementInterface":[{"fileName":"PasswordAlgoRepository.java","filePath":"healthsurvey/src/main/java/com/app/app/server/repository/PasswordAlgoRepository.java"}],"extendsClass":[{"fileName":"SearchInterfaceImpl.java","filePath":"healthsurvey/src/main/java/com/app/app/server/repository/SearchInterfaceImpl.java","isDisplay":false}],"entities":{"fileName":"PasswordAlgo.java","filePath":"healthsurvey/src/main/java/com/app/app/shared/authentication/PasswordAlgo.java"}}]}#appfire#I#appfire#LIFAHFMVSXANRRKY9FY9Q#appfire#ba9dced8-453e-49a3-b627-d497a1f91b17#appfire#1#appfire#\N#appfire#2015-11-05 20:25:54#appfire#\N#appfire#2015-11-05 20:25:54#appfire#1#appfire#1#appfire#5E362A32-A055-4C4F-800E-EBB3A7B906E3
7259CB7D-5C23-47A8-A4C2-B524674C2142#appfire#AddressTypeService#appfire#com.app.app.server.service.AddressTypeService#appfire#{"resourceMapping":"/AddressType","defaultMethodType":"","defaultContentType":""}#appfire#{"repository":{"fileName":"AddressTypeService.java","filePath":"healthsurvey/src/main/java/com/app/app/server/service/AddressTypeService.java"},"implementInterface":[],"extendsClass":[],"repositories":[{"repository":{"fileName":"AddressTypeRepositoryImpl.java","filePath":"healthsurvey/src/main/java/com/app/app/server/repository/AddressTypeRepositoryImpl.java"},"implementInterface":[{"fileName":"AddressTypeRepository.java","filePath":"healthsurvey/src/main/java/com/app/app/server/repository/AddressTypeRepository.java"}],"extendsClass":[{"fileName":"SearchInterfaceImpl.java","filePath":"healthsurvey/src/main/java/com/app/app/server/repository/SearchInterfaceImpl.java","isDisplay":false}],"entities":{"fileName":"AddressType.java","filePath":"healthsurvey/src/main/java/com/app/app/shared/location/AddressType.java"}}]}#appfire#I#appfire#LIFAHFMVSXANRRKY9FY9Q#appfire#ba9dced8-453e-49a3-b627-d497a1f91b17#appfire#1#appfire#\N#appfire#2015-11-05 20:25:49#appfire#\N#appfire#2015-11-05 20:25:49#appfire#1#appfire#1#appfire#C857F472-8CB0-4483-92B9-B9CB4AA5DE4C
7E2835EC-8094-4FAE-A20A-34060A267AB2#appfire#AttendanceServiceImpl#appfire#com.app.app.server.service.AttendanceServiceImpl#appfire#\N#appfire#\N#appfire#I#appfire#LIFAHFMVSXANRRKY9FY9Q#appfire#ba9dced8-453e-49a3-b627-d497a1f91b17#appfire#1#appfire#\N#appfire#2015-11-06 13:52:58#appfire#\N#appfire#2015-11-06 13:52:58#appfire#1#appfire#1#appfire#\N
8257C300-9DD9-4EB7-869F-63341AD32270#appfire#CountryService#appfire#com.app.app.server.service.CountryService#appfire#{"resourceMapping":"/Country","defaultMethodType":"","defaultContentType":""}#appfire#{"repository":{"fileName":"CountryService.java","filePath":"healthsurvey/src/main/java/com/app/app/server/service/CountryService.java"},"implementInterface":[],"extendsClass":[],"repositories":[{"repository":{"fileName":"CountryRepositoryImpl.java","filePath":"healthsurvey/src/main/java/com/app/app/server/repository/CountryRepositoryImpl.java"},"implementInterface":[{"fileName":"CountryRepository.java","filePath":"healthsurvey/src/main/java/com/app/app/server/repository/CountryRepository.java"}],"extendsClass":[{"fileName":"SearchInterfaceImpl.java","filePath":"healthsurvey/src/main/java/com/app/app/server/repository/SearchInterfaceImpl.java","isDisplay":false}],"entities":{"fileName":"Country.java","filePath":"healthsurvey/src/main/java/com/app/app/shared/location/Country.java"}}]}#appfire#I#appfire#LIFAHFMVSXANRRKY9FY9Q#appfire#ba9dced8-453e-49a3-b627-d497a1f91b17#appfire#1#appfire#\N#appfire#2015-11-05 20:25:44#appfire#\N#appfire#2015-11-05 20:25:44#appfire#1#appfire#1#appfire#A84D5FB0-AFA4-42D5-99C6-DAB805789415
899FEF4C-E021-4DB9-A253-06D0749435B8#appfire#ContactTypeService#appfire#com.app.app.server.service.ContactTypeService#appfire#{"resourceMapping":"/ContactType","defaultMethodType":"","defaultContentType":""}#appfire#{"repository":{"fileName":"ContactTypeService.java","filePath":"healthsurvey/src/main/java/com/app/app/server/service/ContactTypeService.java"},"implementInterface":[],"extendsClass":[],"repositories":[{"repository":{"fileName":"ContactTypeRepositoryImpl.java","filePath":"healthsurvey/src/main/java/com/app/app/server/repository/ContactTypeRepositoryImpl.java"},"implementInterface":[{"fileName":"ContactTypeRepository.java","filePath":"healthsurvey/src/main/java/com/app/app/server/repository/ContactTypeRepository.java"}],"extendsClass":[{"fileName":"SearchInterfaceImpl.java","filePath":"healthsurvey/src/main/java/com/app/app/server/repository/SearchInterfaceImpl.java","isDisplay":false}],"entities":{"fileName":"ContactType.java","filePath":"healthsurvey/src/main/java/com/app/app/shared/contacts/ContactType.java"}}]}#appfire#I#appfire#LIFAHFMVSXANRRKY9FY9Q#appfire#ba9dced8-453e-49a3-b627-d497a1f91b17#appfire#1#appfire#\N#appfire#2015-11-05 20:25:50#appfire#\N#appfire#2015-11-05 20:25:50#appfire#1#appfire#1#appfire#3E852497-282E-4831-9419-E332D8FC6DF3
89CBD8B1-826A-46FA-98BD-E9213305580B#appfire#BehaviourQuestions#appfire#survey.health.service.BehaviourQuestionsWS#appfire#{"resourceMapping":"/BehaviourQuestionsWS","defaultMethodType":"","defaultContentType":""}#appfire#{"repository":{"fileName":"survey.health.service.BehaviourQuestionsWS","filePath":"healthsurvey/src/main/java/com/app/app/server/service/survey.health.service.BehaviourQuestionsWS"},"implementInterface":[],"extendsClass":[],"repositories":[{"repository":{},"implementInterface":[],"extendsClass":[],"entities":{}}]}#appfire#I#appfire#LIFAHFMVSXANRRKY9FY9Q#appfire#ba9dced8-453e-49a3-b627-d497a1f91b17#appfire#1#appfire#\N#appfire#2015-11-05 22:25:04#appfire#\N#appfire#2015-11-05 22:25:04#appfire#1#appfire#1#appfire#\N
8DED3281-8C18-4313-B35F-79EE0B332C7C#appfire#CommunicationGroupService#appfire#com.app.app.server.service.CommunicationGroupService#appfire#{"resourceMapping":"/CommunicationGroup","defaultMethodType":"","defaultContentType":""}#appfire#{"repository":{"fileName":"CommunicationGroupService.java","filePath":"healthsurvey/src/main/java/com/app/app/server/service/CommunicationGroupService.java"},"implementInterface":[],"extendsClass":[],"repositories":[{"repository":{"fileName":"CommunicationGroupRepositoryImpl.java","filePath":"healthsurvey/src/main/java/com/app/app/server/repository/CommunicationGroupRepositoryImpl.java"},"implementInterface":[{"fileName":"CommunicationGroupRepository.java","filePath":"healthsurvey/src/main/java/com/app/app/server/repository/CommunicationGroupRepository.java"}],"extendsClass":[{"fileName":"SearchInterfaceImpl.java","filePath":"healthsurvey/src/main/java/com/app/app/server/repository/SearchInterfaceImpl.java","isDisplay":false}],"entities":{"fileName":"CommunicationGroup.java","filePath":"healthsurvey/src/main/java/com/app/app/shared/contacts/CommunicationGroup.java"}}]}#appfire#I#appfire#LIFAHFMVSXANRRKY9FY9Q#appfire#ba9dced8-453e-49a3-b627-d497a1f91b17#appfire#1#appfire#\N#appfire#2015-11-05 20:25:51#appfire#\N#appfire#2015-11-05 20:25:51#appfire#1#appfire#1#appfire#39EF80AC-A545-4B2C-B18F-05FC5EC059C4
9903C922-22E0-4E8C-8208-13E7C190CC45#appfire#AppCustomerCategoryService#appfire#com.app.app.server.service.AppCustomerCategoryService#appfire#{"resourceMapping":"/AppCustomerCategory","defaultMethodType":"","defaultContentType":""}#appfire#{"repository":{"fileName":"AppCustomerCategoryService.java","filePath":"healthsurvey/src/main/java/com/app/app/server/service/AppCustomerCategoryService.java"},"implementInterface":[],"extendsClass":[],"repositories":[{"repository":{"fileName":"AppCustomerCategoryRepositoryImpl.java","filePath":"healthsurvey/src/main/java/com/app/app/server/repository/AppCustomerCategoryRepositoryImpl.java"},"implementInterface":[{"fileName":"AppCustomerCategoryRepository.java","filePath":"healthsurvey/src/main/java/com/app/app/server/repository/AppCustomerCategoryRepository.java"}],"extendsClass":[{"fileName":"SearchInterfaceImpl.java","filePath":"healthsurvey/src/main/java/com/app/app/server/repository/SearchInterfaceImpl.java","isDisplay":false}],"entities":{"fileName":"AppCustomerCategory.java","filePath":"healthsurvey/src/main/java/com/app/app/shared/customers/AppCustomerCategory.java"}}]}#appfire#I#appfire#LIFAHFMVSXANRRKY9FY9Q#appfire#ba9dced8-453e-49a3-b627-d497a1f91b17#appfire#1#appfire#\N#appfire#2015-11-05 20:26:04#appfire#\N#appfire#2015-11-05 20:26:04#appfire#1#appfire#1#appfire#90DAB861-0410-4F20-A821-4C5B5F4060D7
A1DD30DE-4B03-4BDB-BAD3-77BF8A409668#appfire#SurveyQuestionService#appfire#com.app.app.server.service.SurveyQuestionService#appfire#{"resourceMapping":"/SurveyQuestion","defaultMethodType":"","defaultContentType":""}#appfire#{"repository":{"fileName":"SurveyQuestionService.java","filePath":"healthsurvey/src/main/java/com/app/app/server/service/SurveyQuestionService.java"},"implementInterface":[],"extendsClass":[],"repositories":[{"repository":{"fileName":"SurveyQuestionRepositoryImpl.java","filePath":"healthsurvey/src/main/java/com/app/app/server/repository/SurveyQuestionRepositoryImpl.java"},"implementInterface":[{"fileName":"SurveyQuestionRepository.java","filePath":"healthsurvey/src/main/java/com/app/app/server/repository/SurveyQuestionRepository.java"}],"extendsClass":[{"fileName":"SearchInterfaceImpl.java","filePath":"healthsurvey/src/main/java/com/app/app/server/repository/SearchInterfaceImpl.java","isDisplay":false}],"entities":{"fileName":"SurveyQuestion.java","filePath":"healthsurvey/src/main/java/com/app/app/shared/health/SurveyQuestion.java"}}]}#appfire#I#appfire#LIFAHFMVSXANRRKY9FY9Q#appfire#ba9dced8-453e-49a3-b627-d497a1f91b17#appfire#1#appfire#\N#appfire#2015-11-05 20:50:42#appfire#\N#appfire#2015-11-05 20:50:42#appfire#2#appfire#1#appfire#1A03C1C5-1D84-44D3-A058-A0BF46D71DD9
A525369A-19FD-490E-8DC2-3412908CAF9D#appfire#UserAccessDomainService#appfire#com.app.app.server.service.UserAccessDomainService#appfire#{"resourceMapping":"/UserAccessDomain","defaultMethodType":"","defaultContentType":""}#appfire#{"repository":{"fileName":"UserAccessDomainService.java","filePath":"healthsurvey/src/main/java/com/app/app/server/service/UserAccessDomainService.java"},"implementInterface":[],"extendsClass":[],"repositories":[{"repository":{"fileName":"UserAccessDomainRepositoryImpl.java","filePath":"healthsurvey/src/main/java/com/app/app/server/repository/UserAccessDomainRepositoryImpl.java"},"implementInterface":[{"fileName":"UserAccessDomainRepository.java","filePath":"healthsurvey/src/main/java/com/app/app/server/repository/UserAccessDomainRepository.java"}],"extendsClass":[{"fileName":"SearchInterfaceImpl.java","filePath":"healthsurvey/src/main/java/com/app/app/server/repository/SearchInterfaceImpl.java","isDisplay":false}],"entities":{"fileName":"UserAccessDomain.java","filePath":"healthsurvey/src/main/java/com/app/app/shared/authentication/UserAccessDomain.java"}}]}#appfire#I#appfire#LIFAHFMVSXANRRKY9FY9Q#appfire#ba9dced8-453e-49a3-b627-d497a1f91b17#appfire#1#appfire#\N#appfire#2015-11-05 20:25:56#appfire#\N#appfire#2015-11-05 20:25:56#appfire#1#appfire#1#appfire#8F56746C-B239-464C-8C28-4339ACD64B57
B76D32D7-E42D-4440-B75E-1C4F28E1D6C3#appfire#PasswordPolicyService#appfire#com.app.app.server.service.PasswordPolicyService#appfire#{"resourceMapping":"/PasswordPolicy","defaultMethodType":"","defaultContentType":""}#appfire#{"repository":{"fileName":"PasswordPolicyService.java","filePath":"healthsurvey/src/main/java/com/app/app/server/service/PasswordPolicyService.java"},"implementInterface":[],"extendsClass":[],"repositories":[{"repository":{"fileName":"PasswordPolicyRepositoryImpl.java","filePath":"healthsurvey/src/main/java/com/app/app/server/repository/PasswordPolicyRepositoryImpl.java"},"implementInterface":[{"fileName":"PasswordPolicyRepository.java","filePath":"healthsurvey/src/main/java/com/app/app/server/repository/PasswordPolicyRepository.java"}],"extendsClass":[{"fileName":"SearchInterfaceImpl.java","filePath":"healthsurvey/src/main/java/com/app/app/server/repository/SearchInterfaceImpl.java","isDisplay":false}],"entities":{"fileName":"PasswordPolicy.java","filePath":"healthsurvey/src/main/java/com/app/app/shared/authentication/PasswordPolicy.java"}}]}#appfire#I#appfire#LIFAHFMVSXANRRKY9FY9Q#appfire#ba9dced8-453e-49a3-b627-d497a1f91b17#appfire#1#appfire#\N#appfire#2015-11-05 20:25:54#appfire#\N#appfire#2015-11-05 20:25:54#appfire#1#appfire#1#appfire#ACF4AEAD-87E5-4EF9-A383-B8FBEF0BEDEE
BA54C04C-ADBD-4D09-A4E1-0AF10C54B4D8#appfire#UserRoleBridgeService#appfire#com.app.app.server.service.UserRoleBridgeService#appfire#{"resourceMapping":"/UserRoleBridge","defaultMethodType":"","defaultContentType":""}#appfire#{"repository":{"fileName":"UserRoleBridgeService.java","filePath":"healthsurvey/src/main/java/com/app/app/server/service/UserRoleBridgeService.java"},"implementInterface":[],"extendsClass":[],"repositories":[{"repository":{"fileName":"UserRoleBridgeRepositoryImpl.java","filePath":"healthsurvey/src/main/java/com/app/app/server/repository/UserRoleBridgeRepositoryImpl.java"},"implementInterface":[{"fileName":"UserRoleBridgeRepository.java","filePath":"healthsurvey/src/main/java/com/app/app/server/repository/UserRoleBridgeRepository.java"}],"extendsClass":[{"fileName":"SearchInterfaceImpl.java","filePath":"healthsurvey/src/main/java/com/app/app/server/repository/SearchInterfaceImpl.java","isDisplay":false}],"entities":{"fileName":"UserRoleBridge.java","filePath":"healthsurvey/src/main/java/com/app/app/shared/authorization/UserRoleBridge.java"}}]}#appfire#I#appfire#LIFAHFMVSXANRRKY9FY9Q#appfire#ba9dced8-453e-49a3-b627-d497a1f91b17#appfire#1#appfire#\N#appfire#2015-11-05 20:26:03#appfire#\N#appfire#2015-11-05 20:26:03#appfire#1#appfire#1#appfire#72689398-FEED-4A94-8BCB-C78E7818A07D
BDFEA030-996C-49D8-ACC2-26748B0D3872#appfire#CoreContactsService#appfire#com.app.app.server.service.CoreContactsService#appfire#{"resourceMapping":"/CoreContacts","defaultMethodType":"","defaultContentType":""}#appfire#{"repository":{"fileName":"CoreContactsService.java","filePath":"healthsurvey/src/main/java/com/app/app/server/service/CoreContactsService.java"},"implementInterface":[],"extendsClass":[],"repositories":[{"repository":{"fileName":"CoreContactsRepositoryImpl.java","filePath":"healthsurvey/src/main/java/com/app/app/server/repository/CoreContactsRepositoryImpl.java"},"implementInterface":[{"fileName":"CoreContactsRepository.java","filePath":"healthsurvey/src/main/java/com/app/app/server/repository/CoreContactsRepository.java"}],"extendsClass":[{"fileName":"SearchInterfaceImpl.java","filePath":"healthsurvey/src/main/java/com/app/app/server/repository/SearchInterfaceImpl.java","isDisplay":false}],"entities":{"fileName":"CoreContacts.java","filePath":"healthsurvey/src/main/java/com/app/app/shared/contacts/CoreContacts.java"}}]}#appfire#I#appfire#LIFAHFMVSXANRRKY9FY9Q#appfire#ba9dced8-453e-49a3-b627-d497a1f91b17#appfire#1#appfire#\N#appfire#2015-11-05 20:25:53#appfire#\N#appfire#2015-11-05 20:25:53#appfire#1#appfire#1#appfire#D9564E41-24D5-4F20-88F2-B2E52A5E3F87
C27D94A9-D737-4FBB-9D0B-D414E0438C18#appfire#SurveyResultService#appfire#com.app.app.server.service.SurveyResultService#appfire#{"resourceMapping":"/SurveyResult","defaultMethodType":"","defaultContentType":""}#appfire#{"repository":{"fileName":"SurveyResultService.java","filePath":"healthsurvey/src/main/java/com/app/app/server/service/SurveyResultService.java"},"implementInterface":[],"extendsClass":[],"repositories":[{"repository":{"fileName":"SurveyResultRepositoryImpl.java","filePath":"healthsurvey/src/main/java/com/app/app/server/repository/SurveyResultRepositoryImpl.java"},"implementInterface":[{"fileName":"SurveyResultRepository.java","filePath":"healthsurvey/src/main/java/com/app/app/server/repository/SurveyResultRepository.java"}],"extendsClass":[{"fileName":"SearchInterfaceImpl.java","filePath":"healthsurvey/src/main/java/com/app/app/server/repository/SearchInterfaceImpl.java","isDisplay":false}],"entities":{"fileName":"SurveyResult.java","filePath":"healthsurvey/src/main/java/com/app/app/shared/health/SurveyResult.java"}}]}#appfire#I#appfire#LIFAHFMVSXANRRKY9FY9Q#appfire#ba9dced8-453e-49a3-b627-d497a1f91b17#appfire#1#appfire#\N#appfire#2015-11-05 23:25:16#appfire#\N#appfire#2015-11-05 23:25:16#appfire#4#appfire#1#appfire#AD9336FB-7CB9-4FE7-A56F-B0F30652F487
C6625A84-FB4F-4D7E-B5F7-765CE9C9C055#appfire#LanguageService#appfire#com.app.app.server.service.LanguageService#appfire#{"resourceMapping":"/Language","defaultMethodType":"","defaultContentType":""}#appfire#{"repository":{"fileName":"LanguageService.java","filePath":"healthsurvey/src/main/java/com/app/app/server/service/LanguageService.java"},"implementInterface":[],"extendsClass":[],"repositories":[{"repository":{"fileName":"LanguageRepositoryImpl.java","filePath":"healthsurvey/src/main/java/com/app/app/server/repository/LanguageRepositoryImpl.java"},"implementInterface":[{"fileName":"LanguageRepository.java","filePath":"healthsurvey/src/main/java/com/app/app/server/repository/LanguageRepository.java"}],"extendsClass":[{"fileName":"SearchInterfaceImpl.java","filePath":"healthsurvey/src/main/java/com/app/app/server/repository/SearchInterfaceImpl.java","isDisplay":false}],"entities":{"fileName":"Language.java","filePath":"healthsurvey/src/main/java/com/app/app/shared/location/Language.java"}}]}#appfire#I#appfire#LIFAHFMVSXANRRKY9FY9Q#appfire#ba9dced8-453e-49a3-b627-d497a1f91b17#appfire#1#appfire#\N#appfire#2015-11-05 20:25:43#appfire#\N#appfire#2015-11-05 20:25:43#appfire#1#appfire#1#appfire#30070633-CA6F-4BDC-A196-147EAE5B85E2
C6D00B6A-1E9D-4573-BFF3-F7FE03DEEF8D#appfire#CityService#appfire#com.app.app.server.service.CityService#appfire#{"resourceMapping":"/City","defaultMethodType":"","defaultContentType":""}#appfire#{"repository":{"fileName":"CityService.java","filePath":"healthsurvey/src/main/java/com/app/app/server/service/CityService.java"},"implementInterface":[],"extendsClass":[],"repositories":[{"repository":{"fileName":"CityRepositoryImpl.java","filePath":"healthsurvey/src/main/java/com/app/app/server/repository/CityRepositoryImpl.java"},"implementInterface":[{"fileName":"CityRepository.java","filePath":"healthsurvey/src/main/java/com/app/app/server/repository/CityRepository.java"}],"extendsClass":[{"fileName":"SearchInterfaceImpl.java","filePath":"healthsurvey/src/main/java/com/app/app/server/repository/SearchInterfaceImpl.java","isDisplay":false}],"entities":{"fileName":"City.java","filePath":"healthsurvey/src/main/java/com/app/app/shared/location/City.java"}}]}#appfire#I#appfire#LIFAHFMVSXANRRKY9FY9Q#appfire#ba9dced8-453e-49a3-b627-d497a1f91b17#appfire#1#appfire#\N#appfire#2015-11-05 20:25:47#appfire#\N#appfire#2015-11-05 20:25:47#appfire#1#appfire#1#appfire#FF96B6D4-BD0C-41FE-A211-1D502418A130
C7EBB69B-88F7-44BB-8615-F51D6400E629#appfire#GenderService#appfire#com.app.app.server.service.GenderService#appfire#{"resourceMapping":"/Gender","defaultMethodType":"","defaultContentType":""}#appfire#{"repository":{"fileName":"GenderService.java","filePath":"healthsurvey/src/main/java/com/app/app/server/service/GenderService.java"},"implementInterface":[],"extendsClass":[],"repositories":[{"repository":{"fileName":"GenderRepositoryImpl.java","filePath":"healthsurvey/src/main/java/com/app/app/server/repository/GenderRepositoryImpl.java"},"implementInterface":[{"fileName":"GenderRepository.java","filePath":"healthsurvey/src/main/java/com/app/app/server/repository/GenderRepository.java"}],"extendsClass":[{"fileName":"SearchInterfaceImpl.java","filePath":"healthsurvey/src/main/java/com/app/app/server/repository/SearchInterfaceImpl.java","isDisplay":false}],"entities":{"fileName":"Gender.java","filePath":"healthsurvey/src/main/java/com/app/app/shared/contacts/Gender.java"}}]}#appfire#I#appfire#LIFAHFMVSXANRRKY9FY9Q#appfire#ba9dced8-453e-49a3-b627-d497a1f91b17#appfire#1#appfire#\N#appfire#2015-11-05 20:25:52#appfire#\N#appfire#2015-11-05 20:25:52#appfire#1#appfire#1#appfire#058538B0-6997-43D2-98AD-6B5C2CC26EFE
C8D52C1D-7516-40AF-B232-58E4CB51C9B0#appfire#UserAccessLevelService#appfire#com.app.app.server.service.UserAccessLevelService#appfire#{"resourceMapping":"/UserAccessLevel","defaultMethodType":"","defaultContentType":""}#appfire#{"repository":{"fileName":"UserAccessLevelService.java","filePath":"healthsurvey/src/main/java/com/app/app/server/service/UserAccessLevelService.java"},"implementInterface":[],"extendsClass":[],"repositories":[{"repository":{"fileName":"UserAccessLevelRepositoryImpl.java","filePath":"healthsurvey/src/main/java/com/app/app/server/repository/UserAccessLevelRepositoryImpl.java"},"implementInterface":[{"fileName":"UserAccessLevelRepository.java","filePath":"healthsurvey/src/main/java/com/app/app/server/repository/UserAccessLevelRepository.java"}],"extendsClass":[{"fileName":"SearchInterfaceImpl.java","filePath":"healthsurvey/src/main/java/com/app/app/server/repository/SearchInterfaceImpl.java","isDisplay":false}],"entities":{"fileName":"UserAccessLevel.java","filePath":"healthsurvey/src/main/java/com/app/app/shared/authentication/UserAccessLevel.java"}}]}#appfire#I#appfire#LIFAHFMVSXANRRKY9FY9Q#appfire#ba9dced8-453e-49a3-b627-d497a1f91b17#appfire#1#appfire#\N#appfire#2015-11-05 20:25:55#appfire#\N#appfire#2015-11-05 20:25:55#appfire#1#appfire#1#appfire#03914E6B-D9AB-41FC-B1CC-12D1C532F3B9
C8D776CD-ACD7-41C8-A4B4-9F2CD3C52715#appfire#CommunicationTypeService#appfire#com.app.app.server.service.CommunicationTypeService#appfire#{"resourceMapping":"/CommunicationType","defaultMethodType":"","defaultContentType":""}#appfire#{"repository":{"fileName":"CommunicationTypeService.java","filePath":"healthsurvey/src/main/java/com/app/app/server/service/CommunicationTypeService.java"},"implementInterface":[],"extendsClass":[],"repositories":[{"repository":{"fileName":"CommunicationTypeRepositoryImpl.java","filePath":"healthsurvey/src/main/java/com/app/app/server/repository/CommunicationTypeRepositoryImpl.java"},"implementInterface":[{"fileName":"CommunicationTypeRepository.java","filePath":"healthsurvey/src/main/java/com/app/app/server/repository/CommunicationTypeRepository.java"}],"extendsClass":[{"fileName":"SearchInterfaceImpl.java","filePath":"healthsurvey/src/main/java/com/app/app/server/repository/SearchInterfaceImpl.java","isDisplay":false}],"entities":{"fileName":"CommunicationType.java","filePath":"healthsurvey/src/main/java/com/app/app/shared/contacts/CommunicationType.java"}}]}#appfire#I#appfire#LIFAHFMVSXANRRKY9FY9Q#appfire#ba9dced8-453e-49a3-b627-d497a1f91b17#appfire#1#appfire#\N#appfire#2015-11-05 20:25:51#appfire#\N#appfire#2015-11-05 20:25:51#appfire#1#appfire#1#appfire#58B5B7D3-6DE7-479A-A6C3-96BD3CB23810
CE0BF8FC-1C3E-42EA-BA5F-9D946D991132#appfire#TalukaService#appfire#com.app.app.server.service.TalukaService#appfire#{"resourceMapping":"/Taluka","defaultMethodType":"","defaultContentType":""}#appfire#{"repository":{"fileName":"TalukaService.java","filePath":"healthsurvey/src/main/java/com/app/app/server/service/TalukaService.java"},"implementInterface":[],"extendsClass":[],"repositories":[{"repository":{"fileName":"TalukaRepositoryImpl.java","filePath":"healthsurvey/src/main/java/com/app/app/server/repository/TalukaRepositoryImpl.java"},"implementInterface":[{"fileName":"TalukaRepository.java","filePath":"healthsurvey/src/main/java/com/app/app/server/repository/TalukaRepository.java"}],"extendsClass":[{"fileName":"SearchInterfaceImpl.java","filePath":"healthsurvey/src/main/java/com/app/app/server/repository/SearchInterfaceImpl.java","isDisplay":false}],"entities":{"fileName":"Taluka.java","filePath":"healthsurvey/src/main/java/com/app/app/shared/location/Taluka.java"}}]}#appfire#I#appfire#LIFAHFMVSXANRRKY9FY9Q#appfire#ba9dced8-453e-49a3-b627-d497a1f91b17#appfire#1#appfire#\N#appfire#2015-11-05 20:25:48#appfire#\N#appfire#2015-11-05 20:25:48#appfire#1#appfire#1#appfire#07D366DA-FC23-4AD9-B449-6ED27E3218C8
D234E5B9-9A77-43C1-B5C0-400385400F2A#appfire#QuestionService#appfire#com.app.app.server.service.QuestionService#appfire#{"resourceMapping":"/Question","defaultMethodType":"","defaultContentType":""}#appfire#{"repository":{"fileName":"QuestionService.java","filePath":"healthsurvey/src/main/java/com/app/app/server/service/QuestionService.java"},"implementInterface":[],"extendsClass":[],"repositories":[{"repository":{"fileName":"QuestionRepositoryImpl.java","filePath":"healthsurvey/src/main/java/com/app/app/server/repository/QuestionRepositoryImpl.java"},"implementInterface":[{"fileName":"QuestionRepository.java","filePath":"healthsurvey/src/main/java/com/app/app/server/repository/QuestionRepository.java"}],"extendsClass":[{"fileName":"SearchInterfaceImpl.java","filePath":"healthsurvey/src/main/java/com/app/app/server/repository/SearchInterfaceImpl.java","isDisplay":false}],"entities":{"fileName":"Question.java","filePath":"healthsurvey/src/main/java/com/app/app/shared/authentication/Question.java"}}]}#appfire#I#appfire#LIFAHFMVSXANRRKY9FY9Q#appfire#ba9dced8-453e-49a3-b627-d497a1f91b17#appfire#1#appfire#\N#appfire#2015-11-05 20:25:55#appfire#\N#appfire#2015-11-05 20:25:55#appfire#1#appfire#1#appfire#3C55489F-A4F9-45EE-8570-19C2839F6CC6
D2F6A8DB-95B8-454A-ABF6-5A1A669D5338#appfire#DistrictService#appfire#com.app.app.server.service.DistrictService#appfire#{"resourceMapping":"/District","defaultMethodType":"","defaultContentType":""}#appfire#{"repository":{"fileName":"DistrictService.java","filePath":"healthsurvey/src/main/java/com/app/app/server/service/DistrictService.java"},"implementInterface":[],"extendsClass":[],"repositories":[{"repository":{"fileName":"DistrictRepositoryImpl.java","filePath":"healthsurvey/src/main/java/com/app/app/server/repository/DistrictRepositoryImpl.java"},"implementInterface":[{"fileName":"DistrictRepository.java","filePath":"healthsurvey/src/main/java/com/app/app/server/repository/DistrictRepository.java"}],"extendsClass":[{"fileName":"SearchInterfaceImpl.java","filePath":"healthsurvey/src/main/java/com/app/app/server/repository/SearchInterfaceImpl.java","isDisplay":false}],"entities":{"fileName":"District.java","filePath":"healthsurvey/src/main/java/com/app/app/shared/location/District.java"}}]}#appfire#I#appfire#LIFAHFMVSXANRRKY9FY9Q#appfire#ba9dced8-453e-49a3-b627-d497a1f91b17#appfire#1#appfire#\N#appfire#2015-11-05 20:25:46#appfire#\N#appfire#2015-11-05 20:25:46#appfire#1#appfire#1#appfire#23536E28-0BF7-4C25-B1B5-97221A8C80E4
D46A0028-1C80-468D-8DF6-0CEC9083F31F#appfire#TimezoneService#appfire#com.app.app.server.service.TimezoneService#appfire#{"resourceMapping":"/Timezone","defaultMethodType":"","defaultContentType":""}#appfire#{"repository":{"fileName":"TimezoneService.java","filePath":"healthsurvey/src/main/java/com/app/app/server/service/TimezoneService.java"},"implementInterface":[],"extendsClass":[],"repositories":[{"repository":{"fileName":"TimezoneRepositoryImpl.java","filePath":"healthsurvey/src/main/java/com/app/app/server/repository/TimezoneRepositoryImpl.java"},"implementInterface":[{"fileName":"TimezoneRepository.java","filePath":"healthsurvey/src/main/java/com/app/app/server/repository/TimezoneRepository.java"}],"extendsClass":[{"fileName":"SearchInterfaceImpl.java","filePath":"healthsurvey/src/main/java/com/app/app/server/repository/SearchInterfaceImpl.java","isDisplay":false}],"entities":{"fileName":"Timezone.java","filePath":"healthsurvey/src/main/java/com/app/app/shared/location/Timezone.java"}}]}#appfire#I#appfire#LIFAHFMVSXANRRKY9FY9Q#appfire#ba9dced8-453e-49a3-b627-d497a1f91b17#appfire#1#appfire#\N#appfire#2015-11-05 20:25:43#appfire#\N#appfire#2015-11-05 20:25:43#appfire#1#appfire#1#appfire#835BA6EC-B1E1-40AA-A645-61643965C26A
DBFCAAAE-EFC7-44CD-8E2E-79F80000ADBF#appfire#SurveyResultProcessing#appfire#survey.health.service.SurveyResultProcessingWS#appfire#{"resourceMapping":"/SurveyResultProcessingWS","defaultMethodType":"","defaultContentType":""}#appfire#{"repository":{"fileName":"survey.health.service.SurveyResultProcessingWS","filePath":"healthsurvey/src/main/java/com/app/app/server/service/survey.health.service.SurveyResultProcessingWS"},"implementInterface":[],"extendsClass":[],"repositories":[{"repository":{},"implementInterface":[],"extendsClass":[],"entities":{}}]}#appfire#I#appfire#LIFAHFMVSXANRRKY9FY9Q#appfire#ba9dced8-453e-49a3-b627-d497a1f91b17#appfire#1#appfire#\N#appfire#2015-11-05 22:19:39#appfire#\N#appfire#2015-11-05 22:19:39#appfire#1#appfire#1#appfire#\N
E462B571-A9A0-4F3F-A04B-4CAFAEFFB131#appfire#TitleService#appfire#com.app.app.server.service.TitleService#appfire#{"resourceMapping":"/Title","defaultMethodType":"","defaultContentType":""}#appfire#{"repository":{"fileName":"TitleService.java","filePath":"healthsurvey/src/main/java/com/app/app/server/service/TitleService.java"},"implementInterface":[],"extendsClass":[],"repositories":[{"repository":{"fileName":"TitleRepositoryImpl.java","filePath":"healthsurvey/src/main/java/com/app/app/server/repository/TitleRepositoryImpl.java"},"implementInterface":[{"fileName":"TitleRepository.java","filePath":"healthsurvey/src/main/java/com/app/app/server/repository/TitleRepository.java"}],"extendsClass":[{"fileName":"SearchInterfaceImpl.java","filePath":"healthsurvey/src/main/java/com/app/app/server/repository/SearchInterfaceImpl.java","isDisplay":false}],"entities":{"fileName":"Title.java","filePath":"healthsurvey/src/main/java/com/app/app/shared/contacts/Title.java"}}]}#appfire#I#appfire#LIFAHFMVSXANRRKY9FY9Q#appfire#ba9dced8-453e-49a3-b627-d497a1f91b17#appfire#1#appfire#\N#appfire#2015-11-05 20:25:52#appfire#\N#appfire#2015-11-05 20:25:52#appfire#1#appfire#1#appfire#3ECF7EF5-DF8E-4703-AE70-53BB603EB1B6
F587B79D-2000-462B-887F-A6361062FAC2#appfire#AppCustomerTypeService#appfire#com.app.app.server.service.AppCustomerTypeService#appfire#{"resourceMapping":"/AppCustomerType","defaultMethodType":"","defaultContentType":""}#appfire#{"repository":{"fileName":"AppCustomerTypeService.java","filePath":"healthsurvey/src/main/java/com/app/app/server/service/AppCustomerTypeService.java"},"implementInterface":[],"extendsClass":[],"repositories":[{"repository":{"fileName":"AppCustomerTypeRepositoryImpl.java","filePath":"healthsurvey/src/main/java/com/app/app/server/repository/AppCustomerTypeRepositoryImpl.java"},"implementInterface":[{"fileName":"AppCustomerTypeRepository.java","filePath":"healthsurvey/src/main/java/com/app/app/server/repository/AppCustomerTypeRepository.java"}],"extendsClass":[{"fileName":"SearchInterfaceImpl.java","filePath":"healthsurvey/src/main/java/com/app/app/server/repository/SearchInterfaceImpl.java","isDisplay":false}],"entities":{"fileName":"AppCustomerType.java","filePath":"healthsurvey/src/main/java/com/app/app/shared/customers/AppCustomerType.java"}}]}#appfire#I#appfire#LIFAHFMVSXANRRKY9FY9Q#appfire#ba9dced8-453e-49a3-b627-d497a1f91b17#appfire#1#appfire#\N#appfire#2015-11-05 20:26:04#appfire#\N#appfire#2015-11-05 20:26:04#appfire#1#appfire#1#appfire#4F6A1F5E-D76F-4400-B0CE-570D7AC064E5
